[
{
  "model": "admin.logentry",
  "pk": 1,
  "fields": {
    "action_time": "2025-06-01T16:30:15.754Z",
    "user": 1,
    "content_type": 7,
    "object_id": "1",
    "object_repr": "What is your name?",
    "action_flag": 1,
    "change_message": "[{\"added\": {}}]"
  }
},
{
  "model": "admin.logentry",
  "pk": 2,
  "fields": {
    "action_time": "2025-06-07T07:11:01.823Z",
    "user": 1,
    "content_type": 7,
    "object_id": "2",
    "object_repr": "FIR on Virat Kohli",
    "action_flag": 1,
    "change_message": "[{\"added\": {}}]"
  }
},
{
  "model": "admin.logentry",
  "pk": 3,
  "fields": {
    "action_time": "2025-06-15T06:03:20.325Z",
    "user": 1,
    "content_type": 7,
    "object_id": "2",
    "object_repr": "FIR on Virat Kohli",
    "action_flag": 2,
    "change_message": "[{\"changed\": {\"fields\": [\"Status\"]}}]"
  }
},
{
  "model": "admin.logentry",
  "pk": 4,
  "fields": {
    "action_time": "2025-06-15T08:07:10.729Z",
    "user": 1,
    "content_type": 7,
    "object_id": "1",
    "object_repr": "What is your name?",
    "action_flag": 2,
    "change_message": "[{\"changed\": {\"fields\": [\"Status\"]}}]"
  }
},
{
  "model": "admin.logentry",
  "pk": 5,
  "fields": {
    "action_time": "2025-06-15T08:07:25.390Z",
    "user": 1,
    "content_type": 7,
    "object_id": "5",
    "object_repr": "Another post",
    "action_flag": 2,
    "change_message": "[{\"changed\": {\"fields\": [\"Status\"]}}]"
  }
},
{
  "model": "admin.logentry",
  "pk": 6,
  "fields": {
    "action_time": "2025-06-15T08:07:39.560Z",
    "user": 1,
    "content_type": 7,
    "object_id": "5",
    "object_repr": "Another post",
    "action_flag": 2,
    "change_message": "[]"
  }
},
{
  "model": "admin.logentry",
  "pk": 7,
  "fields": {
    "action_time": "2025-06-30T11:48:12.216Z",
    "user": 1,
    "content_type": 7,
    "object_id": "4",
    "object_repr": "One more post",
    "action_flag": 2,
    "change_message": "[{\"changed\": {\"fields\": [\"Status\"]}}]"
  }
},
{
  "model": "admin.logentry",
  "pk": 8,
  "fields": {
    "action_time": "2025-06-30T11:48:19.374Z",
    "user": 1,
    "content_type": 7,
    "object_id": "3",
    "object_repr": "New Title",
    "action_flag": 2,
    "change_message": "[{\"changed\": {\"fields\": [\"Status\"]}}]"
  }
},
{
  "model": "admin.logentry",
  "pk": 9,
  "fields": {
    "action_time": "2025-07-01T17:14:57.148Z",
    "user": 1,
    "content_type": 8,
    "object_id": "1",
    "object_repr": "Comment by Sparky on FIR on Virat Kohli.",
    "action_flag": 1,
    "change_message": "[{\"added\": {}}]"
  }
},
{
  "model": "admin.logentry",
  "pk": 10,
  "fields": {
    "action_time": "2025-07-03T16:31:59.438Z",
    "user": 1,
    "content_type": 7,
    "object_id": "4",
    "object_repr": "One more post",
    "action_flag": 2,
    "change_message": "[{\"changed\": {\"fields\": [\"Slug\", \"Body\"]}}]"
  }
},
{
  "model": "admin.logentry",
  "pk": 11,
  "fields": {
    "action_time": "2025-07-03T16:34:55.458Z",
    "user": 1,
    "content_type": 7,
    "object_id": "3",
    "object_repr": "Why Everyone Should Care About Invasive Plants",
    "action_flag": 2,
    "change_message": "[{\"changed\": {\"fields\": [\"Title\", \"Slug\", \"Body\"]}}]"
  }
},
{
  "model": "admin.logentry",
  "pk": 12,
  "fields": {
    "action_time": "2025-07-03T16:40:37.841Z",
    "user": 1,
    "content_type": 7,
    "object_id": "5",
    "object_repr": "Tree-Less Planet",
    "action_flag": 2,
    "change_message": "[{\"changed\": {\"fields\": [\"Title\", \"Slug\", \"Body\"]}}]"
  }
},
{
  "model": "admin.logentry",
  "pk": 13,
  "fields": {
    "action_time": "2025-07-03T18:07:54.188Z",
    "user": 1,
    "content_type": 7,
    "object_id": "5",
    "object_repr": "Tree-Less Planet",
    "action_flag": 2,
    "change_message": "[{\"changed\": {\"fields\": [\"Tags\"]}}]"
  }
},
{
  "model": "admin.logentry",
  "pk": 14,
  "fields": {
    "action_time": "2025-07-03T18:09:13.091Z",
    "user": 1,
    "content_type": 7,
    "object_id": "3",
    "object_repr": "Why Everyone Should Care About Invasive Plants",
    "action_flag": 2,
    "change_message": "[{\"changed\": {\"fields\": [\"Tags\"]}}]"
  }
},
{
  "model": "admin.logentry",
  "pk": 15,
  "fields": {
    "action_time": "2025-07-03T18:09:26.284Z",
    "user": 1,
    "content_type": 7,
    "object_id": "5",
    "object_repr": "Tree-Less Planet",
    "action_flag": 2,
    "change_message": "[{\"changed\": {\"fields\": [\"Tags\"]}}]"
  }
},
{
  "model": "admin.logentry",
  "pk": 16,
  "fields": {
    "action_time": "2025-07-03T18:10:50.683Z",
    "user": 1,
    "content_type": 7,
    "object_id": "4",
    "object_repr": "One more post",
    "action_flag": 2,
    "change_message": "[{\"changed\": {\"fields\": [\"Tags\"]}}]"
  }
},
{
  "model": "admin.logentry",
  "pk": 17,
  "fields": {
    "action_time": "2025-07-03T18:11:19.217Z",
    "user": 1,
    "content_type": 7,
    "object_id": "1",
    "object_repr": "What is your name?",
    "action_flag": 2,
    "change_message": "[{\"changed\": {\"fields\": [\"Tags\"]}}]"
  }
},
{
  "model": "admin.logentry",
  "pk": 18,
  "fields": {
    "action_time": "2025-07-09T15:35:13.082Z",
    "user": 1,
    "content_type": 7,
    "object_id": "6",
    "object_repr": "Markdown post",
    "action_flag": 1,
    "change_message": "[{\"added\": {}}]"
  }
},
{
  "model": "admin.logentry",
  "pk": 19,
  "fields": {
    "action_time": "2025-07-09T16:28:17.307Z",
    "user": 1,
    "content_type": 11,
    "object_id": "1",
    "object_repr": "localhost:8000",
    "action_flag": 2,
    "change_message": "[{\"changed\": {\"fields\": [\"Domain name\", \"Display name\"]}}]"
  }
},
{
  "model": "auth.permission",
  "pk": 1,
  "fields": {
    "name": "Can add log entry",
    "content_type": 1,
    "codename": "add_logentry"
  }
},
{
  "model": "auth.permission",
  "pk": 2,
  "fields": {
    "name": "Can change log entry",
    "content_type": 1,
    "codename": "change_logentry"
  }
},
{
  "model": "auth.permission",
  "pk": 3,
  "fields": {
    "name": "Can delete log entry",
    "content_type": 1,
    "codename": "delete_logentry"
  }
},
{
  "model": "auth.permission",
  "pk": 4,
  "fields": {
    "name": "Can view log entry",
    "content_type": 1,
    "codename": "view_logentry"
  }
},
{
  "model": "auth.permission",
  "pk": 5,
  "fields": {
    "name": "Can add permission",
    "content_type": 2,
    "codename": "add_permission"
  }
},
{
  "model": "auth.permission",
  "pk": 6,
  "fields": {
    "name": "Can change permission",
    "content_type": 2,
    "codename": "change_permission"
  }
},
{
  "model": "auth.permission",
  "pk": 7,
  "fields": {
    "name": "Can delete permission",
    "content_type": 2,
    "codename": "delete_permission"
  }
},
{
  "model": "auth.permission",
  "pk": 8,
  "fields": {
    "name": "Can view permission",
    "content_type": 2,
    "codename": "view_permission"
  }
},
{
  "model": "auth.permission",
  "pk": 9,
  "fields": {
    "name": "Can add group",
    "content_type": 3,
    "codename": "add_group"
  }
},
{
  "model": "auth.permission",
  "pk": 10,
  "fields": {
    "name": "Can change group",
    "content_type": 3,
    "codename": "change_group"
  }
},
{
  "model": "auth.permission",
  "pk": 11,
  "fields": {
    "name": "Can delete group",
    "content_type": 3,
    "codename": "delete_group"
  }
},
{
  "model": "auth.permission",
  "pk": 12,
  "fields": {
    "name": "Can view group",
    "content_type": 3,
    "codename": "view_group"
  }
},
{
  "model": "auth.permission",
  "pk": 13,
  "fields": {
    "name": "Can add user",
    "content_type": 4,
    "codename": "add_user"
  }
},
{
  "model": "auth.permission",
  "pk": 14,
  "fields": {
    "name": "Can change user",
    "content_type": 4,
    "codename": "change_user"
  }
},
{
  "model": "auth.permission",
  "pk": 15,
  "fields": {
    "name": "Can delete user",
    "content_type": 4,
    "codename": "delete_user"
  }
},
{
  "model": "auth.permission",
  "pk": 16,
  "fields": {
    "name": "Can view user",
    "content_type": 4,
    "codename": "view_user"
  }
},
{
  "model": "auth.permission",
  "pk": 17,
  "fields": {
    "name": "Can add content type",
    "content_type": 5,
    "codename": "add_contenttype"
  }
},
{
  "model": "auth.permission",
  "pk": 18,
  "fields": {
    "name": "Can change content type",
    "content_type": 5,
    "codename": "change_contenttype"
  }
},
{
  "model": "auth.permission",
  "pk": 19,
  "fields": {
    "name": "Can delete content type",
    "content_type": 5,
    "codename": "delete_contenttype"
  }
},
{
  "model": "auth.permission",
  "pk": 20,
  "fields": {
    "name": "Can view content type",
    "content_type": 5,
    "codename": "view_contenttype"
  }
},
{
  "model": "auth.permission",
  "pk": 21,
  "fields": {
    "name": "Can add session",
    "content_type": 6,
    "codename": "add_session"
  }
},
{
  "model": "auth.permission",
  "pk": 22,
  "fields": {
    "name": "Can change session",
    "content_type": 6,
    "codename": "change_session"
  }
},
{
  "model": "auth.permission",
  "pk": 23,
  "fields": {
    "name": "Can delete session",
    "content_type": 6,
    "codename": "delete_session"
  }
},
{
  "model": "auth.permission",
  "pk": 24,
  "fields": {
    "name": "Can view session",
    "content_type": 6,
    "codename": "view_session"
  }
},
{
  "model": "auth.permission",
  "pk": 25,
  "fields": {
    "name": "Can add post",
    "content_type": 7,
    "codename": "add_post"
  }
},
{
  "model": "auth.permission",
  "pk": 26,
  "fields": {
    "name": "Can change post",
    "content_type": 7,
    "codename": "change_post"
  }
},
{
  "model": "auth.permission",
  "pk": 27,
  "fields": {
    "name": "Can delete post",
    "content_type": 7,
    "codename": "delete_post"
  }
},
{
  "model": "auth.permission",
  "pk": 28,
  "fields": {
    "name": "Can view post",
    "content_type": 7,
    "codename": "view_post"
  }
},
{
  "model": "auth.permission",
  "pk": 29,
  "fields": {
    "name": "Can add comment",
    "content_type": 8,
    "codename": "add_comment"
  }
},
{
  "model": "auth.permission",
  "pk": 30,
  "fields": {
    "name": "Can change comment",
    "content_type": 8,
    "codename": "change_comment"
  }
},
{
  "model": "auth.permission",
  "pk": 31,
  "fields": {
    "name": "Can delete comment",
    "content_type": 8,
    "codename": "delete_comment"
  }
},
{
  "model": "auth.permission",
  "pk": 32,
  "fields": {
    "name": "Can view comment",
    "content_type": 8,
    "codename": "view_comment"
  }
},
{
  "model": "auth.permission",
  "pk": 33,
  "fields": {
    "name": "Can add tag",
    "content_type": 9,
    "codename": "add_tag"
  }
},
{
  "model": "auth.permission",
  "pk": 34,
  "fields": {
    "name": "Can change tag",
    "content_type": 9,
    "codename": "change_tag"
  }
},
{
  "model": "auth.permission",
  "pk": 35,
  "fields": {
    "name": "Can delete tag",
    "content_type": 9,
    "codename": "delete_tag"
  }
},
{
  "model": "auth.permission",
  "pk": 36,
  "fields": {
    "name": "Can view tag",
    "content_type": 9,
    "codename": "view_tag"
  }
},
{
  "model": "auth.permission",
  "pk": 37,
  "fields": {
    "name": "Can add tagged item",
    "content_type": 10,
    "codename": "add_taggeditem"
  }
},
{
  "model": "auth.permission",
  "pk": 38,
  "fields": {
    "name": "Can change tagged item",
    "content_type": 10,
    "codename": "change_taggeditem"
  }
},
{
  "model": "auth.permission",
  "pk": 39,
  "fields": {
    "name": "Can delete tagged item",
    "content_type": 10,
    "codename": "delete_taggeditem"
  }
},
{
  "model": "auth.permission",
  "pk": 40,
  "fields": {
    "name": "Can view tagged item",
    "content_type": 10,
    "codename": "view_taggeditem"
  }
},
{
  "model": "auth.permission",
  "pk": 41,
  "fields": {
    "name": "Can add site",
    "content_type": 11,
    "codename": "add_site"
  }
},
{
  "model": "auth.permission",
  "pk": 42,
  "fields": {
    "name": "Can change site",
    "content_type": 11,
    "codename": "change_site"
  }
},
{
  "model": "auth.permission",
  "pk": 43,
  "fields": {
    "name": "Can delete site",
    "content_type": 11,
    "codename": "delete_site"
  }
},
{
  "model": "auth.permission",
  "pk": 44,
  "fields": {
    "name": "Can view site",
    "content_type": 11,
    "codename": "view_site"
  }
},
{
  "model": "auth.user",
  "pk": 1,
  "fields": {
    "password": "pbkdf2_sha256$1000000$krSVtfWVkxp6vafrSU5ROD$UxeEcMaNGMSYHDB9xh2+GWm6vjeVWF4ygY7YQSUaScc=",
    "last_login": "2025-07-09T15:33:54.317Z",
    "is_superuser": true,
    "username": "admin",
    "first_name": "",
    "last_name": "",
    "email": "admin@admin.com",
    "is_staff": true,
    "is_active": true,
    "date_joined": "2025-06-01T16:10:33.722Z",
    "groups": [],
    "user_permissions": []
  }
},
{
  "model": "auth.user",
  "pk": 2,
  "fields": {
    "password": "",
    "last_login": null,
    "is_superuser": false,
    "username": "user_2",
    "first_name": "",
    "last_name": "",
    "email": "",
    "is_staff": false,
    "is_active": true,
    "date_joined": "2025-06-07T08:32:37.137Z",
    "groups": [],
    "user_permissions": []
  }
},
{
  "model": "sessions.session",
  "pk": "2k20lnh41vgmd2aqe4t2gt7doi03jmn6",
  "fields": {
    "session_data": ".eJxVjMsOwiAUBf-FtSG8Hy7d9xvIhQtSNZCUdmX8d9ukC92emTlvEmBba9hGXsKM5Eo4ufxuEdIztwPgA9q909TbusyRHgo96aBTx_y6ne7fQYVR91omiAoyl05JyRw6r6KzwJiXWKxhonBhi4OdGJM0FECNQnnUkBBcIZ8v2c04OQ:1uLlKU:dciuuk5Ebge052-RhpNqC5PIGuZYykNwl-ETwIKj39c",
    "expire_date": "2025-06-15T16:14:34.880Z"
  }
},
{
  "model": "sessions.session",
  "pk": "886cpa4ro1iu4qyqmyzaczovanpvnnz8",
  "fields": {
    "session_data": ".eJxVjMsOwiAUBf-FtSFA4SIu3fsNhPuoVE2blHZl_HfbpAvdzsw5b5XLutS8NpnzwOqirDr9Miz0lHEX_CjjfdI0jcs8oN4TfdimbxPL63q0fwe1tLqti1hGSyESdAm8wyiUbA-WqfPACDEEcCkKC240gpdknDGI_tz1gdTnC-uJN9s:1uXOKL:nKt_V3Xprwy12U1Q_fuugOwSVUweDu7pnU9FDD1-Rxk",
    "expire_date": "2025-07-17T18:06:29.684Z"
  }
},
{
  "model": "sessions.session",
  "pk": "9k51l3yt793h8kp8zbx7q11jhk5ck7vd",
  "fields": {
    "session_data": ".eJxVjMsOwiAUBf-FtSG8Hy7d9xvIhQtSNZCUdmX8d9ukC92emTlvEmBba9hGXsKM5Eo4ufxuEdIztwPgA9q909TbusyRHgo96aBTx_y6ne7fQYVR91omiAoyl05JyRw6r6KzwJiXWKxhonBhi4OdGJM0FECNQnnUkBBcIZ8v2c04OQ:1uNnaV:eQHYPTccsQvYhZGVUQILP1_rTa7zA0NwGo4DI5eVDHs",
    "expire_date": "2025-06-21T07:03:31.974Z"
  }
},
{
  "model": "sessions.session",
  "pk": "nj2dtzm4ghcngb92ahd6ugtgrwqilj26",
  "fields": {
    "session_data": ".eJxVjMsOwiAUBf-FtSFA4SIu3fsNhPuoVE2blHZl_HfbpAvdzsw5b5XLutS8NpnzwOqirDr9Miz0lHEX_CjjfdI0jcs8oN4TfdimbxPL63q0fwe1tLqti1hGSyESdAm8wyiUbA-WqfPACDEEcCkKC240gpdknDGI_tz1gdTnC-uJN9s:1uXNVk:jMVKy8jXq-41-uzKWuao3e5hl9SQedafckvjLEaVBTY",
    "expire_date": "2025-07-17T17:14:12.702Z"
  }
},
{
  "model": "sessions.session",
  "pk": "qa1azrmjxvfxg4es69qkok8mdmrv6c4g",
  "fields": {
    "session_data": ".eJxVjMsOwiAUBf-FtSFA4SIu3fsNhPuoVE2blHZl_HfbpAvdzsw5b5XLutS8NpnzwOqirDr9Miz0lHEX_CjjfdI0jcs8oN4TfdimbxPL63q0fwe1tLqti1hGSyESdAm8wyiUbA-WqfPACDEEcCkKC240gpdknDGI_tz1gdTnC-uJN9s:1uZWny:aExh6j5v_fdM7hn3G77RVf3QBa_wwaOe0nSILurjOU8",
    "expire_date": "2025-07-23T15:33:54.321Z"
  }
},
{
  "model": "sites.site",
  "pk": 1,
  "fields": {
    "domain": "localhost:8000",
    "name": "localhost:8000"
  }
},
{
  "model": "taggit.tag",
  "pk": 1,
  "fields": {
    "name": "crime",
    "slug": "crime"
  }
},
{
  "model": "taggit.tag",
  "pk": 2,
  "fields": {
    "name": "accident",
    "slug": "accident"
  }
},
{
  "model": "taggit.tag",
  "pk": 3,
  "fields": {
    "name": "politics",
    "slug": "politics"
  }
},
{
  "model": "taggit.tag",
  "pk": 4,
  "fields": {
    "name": "environment",
    "slug": "environment"
  }
},
{
  "model": "taggit.tag",
  "pk": 5,
  "fields": {
    "name": "weather",
    "slug": "weather"
  }
},
{
  "model": "taggit.tag",
  "pk": 6,
  "fields": {
    "name": "pollution",
    "slug": "pollution"
  }
},
{
  "model": "taggit.tag",
  "pk": 7,
  "fields": {
    "name": "tree",
    "slug": "tree"
  }
},
{
  "model": "taggit.tag",
  "pk": 8,
  "fields": {
    "name": "health",
    "slug": "health"
  }
},
{
  "model": "taggit.tag",
  "pk": 9,
  "fields": {
    "name": "diseases",
    "slug": "diseases"
  }
},
{
  "model": "taggit.tag",
  "pk": 10,
  "fields": {
    "name": "nature",
    "slug": "nature"
  }
},
{
  "model": "taggit.tag",
  "pk": 11,
  "fields": {
    "name": "plants",
    "slug": "plants"
  }
},
{
  "model": "taggit.tag",
  "pk": 12,
  "fields": {
    "name": "trees",
    "slug": "trees"
  }
},
{
  "model": "taggit.tag",
  "pk": 13,
  "fields": {
    "name": "forest",
    "slug": "forest"
  }
},
{
  "model": "taggit.tag",
  "pk": 14,
  "fields": {
    "name": "greenhouse",
    "slug": "greenhouse"
  }
},
{
  "model": "taggit.tag",
  "pk": 15,
  "fields": {
    "name": "climate",
    "slug": "climate"
  }
},
{
  "model": "taggit.tag",
  "pk": 16,
  "fields": {
    "name": "jungle",
    "slug": "jungle"
  }
},
{
  "model": "taggit.tag",
  "pk": 17,
  "fields": {
    "name": "intro",
    "slug": "intro"
  }
},
{
  "model": "taggit.tag",
  "pk": 18,
  "fields": {
    "name": "markdown",
    "slug": "markdown"
  }
},
{
  "model": "taggit.taggeditem",
  "pk": 1,
  "fields": {
    "tag": 1,
    "content_type": 7,
    "object_id": 2
  }
},
{
  "model": "taggit.taggeditem",
  "pk": 3,
  "fields": {
    "tag": 3,
    "content_type": 7,
    "object_id": 2
  }
},
{
  "model": "taggit.taggeditem",
  "pk": 4,
  "fields": {
    "tag": 4,
    "content_type": 7,
    "object_id": 5
  }
},
{
  "model": "taggit.taggeditem",
  "pk": 5,
  "fields": {
    "tag": 5,
    "content_type": 7,
    "object_id": 5
  }
},
{
  "model": "taggit.taggeditem",
  "pk": 6,
  "fields": {
    "tag": 6,
    "content_type": 7,
    "object_id": 5
  }
},
{
  "model": "taggit.taggeditem",
  "pk": 7,
  "fields": {
    "tag": 7,
    "content_type": 7,
    "object_id": 5
  }
},
{
  "model": "taggit.taggeditem",
  "pk": 8,
  "fields": {
    "tag": 8,
    "content_type": 7,
    "object_id": 5
  }
},
{
  "model": "taggit.taggeditem",
  "pk": 9,
  "fields": {
    "tag": 9,
    "content_type": 7,
    "object_id": 5
  }
},
{
  "model": "taggit.taggeditem",
  "pk": 10,
  "fields": {
    "tag": 5,
    "content_type": 7,
    "object_id": 3
  }
},
{
  "model": "taggit.taggeditem",
  "pk": 11,
  "fields": {
    "tag": 7,
    "content_type": 7,
    "object_id": 3
  }
},
{
  "model": "taggit.taggeditem",
  "pk": 12,
  "fields": {
    "tag": 10,
    "content_type": 7,
    "object_id": 3
  }
},
{
  "model": "taggit.taggeditem",
  "pk": 13,
  "fields": {
    "tag": 11,
    "content_type": 7,
    "object_id": 3
  }
},
{
  "model": "taggit.taggeditem",
  "pk": 14,
  "fields": {
    "tag": 12,
    "content_type": 7,
    "object_id": 3
  }
},
{
  "model": "taggit.taggeditem",
  "pk": 15,
  "fields": {
    "tag": 13,
    "content_type": 7,
    "object_id": 3
  }
},
{
  "model": "taggit.taggeditem",
  "pk": 16,
  "fields": {
    "tag": 13,
    "content_type": 7,
    "object_id": 5
  }
},
{
  "model": "taggit.taggeditem",
  "pk": 17,
  "fields": {
    "tag": 10,
    "content_type": 7,
    "object_id": 4
  }
},
{
  "model": "taggit.taggeditem",
  "pk": 18,
  "fields": {
    "tag": 13,
    "content_type": 7,
    "object_id": 4
  }
},
{
  "model": "taggit.taggeditem",
  "pk": 19,
  "fields": {
    "tag": 14,
    "content_type": 7,
    "object_id": 4
  }
},
{
  "model": "taggit.taggeditem",
  "pk": 20,
  "fields": {
    "tag": 15,
    "content_type": 7,
    "object_id": 4
  }
},
{
  "model": "taggit.taggeditem",
  "pk": 21,
  "fields": {
    "tag": 16,
    "content_type": 7,
    "object_id": 4
  }
},
{
  "model": "taggit.taggeditem",
  "pk": 22,
  "fields": {
    "tag": 17,
    "content_type": 7,
    "object_id": 1
  }
},
{
  "model": "taggit.taggeditem",
  "pk": 23,
  "fields": {
    "tag": 18,
    "content_type": 7,
    "object_id": 6
  }
},
{
  "model": "blog.post",
  "pk": 1,
  "fields": {
    "title": "What is your name?",
    "slug": "what-is-your-name",
    "author": 1,
    "body": "My name is Nitesh Kumar.",
    "publish": "2025-06-01T16:26:19Z",
    "created": "2025-06-01T16:30:15.745Z",
    "updated": "2025-07-03T18:11:19.213Z",
    "status": "PB"
  }
},
{
  "model": "blog.post",
  "pk": 2,
  "fields": {
    "title": "FIR on Virat Kohli",
    "slug": "fir-on-virat-kohli",
    "author": 1,
    "body": "As RCB won the IPL 2025 cricket match for the first time, their fans were extremely excited. In Bangalore, large crowds gathered to celebrate, but unfortunately, 11 people accidentally lost their lives in the chaos. The families of the deceased have filed an FIR against Virat Kohli.",
    "publish": "2025-06-07T07:04:23Z",
    "created": "2025-06-07T07:11:01.809Z",
    "updated": "2025-06-15T06:03:20.322Z",
    "status": "PB"
  }
},
{
  "model": "blog.post",
  "pk": 3,
  "fields": {
    "title": "Why Everyone Should Care About Invasive Plants",
    "slug": "why-everyone-should-care-about-invasive-plants",
    "author": 1,
    "body": "Aland which could not be conquered by kings and rulers of the world is being invaded silently. India is the second-most floral invasive cost-bearing country in the world. Invasive alien plant species have cost India’s economy Rs 8.3 trillion over the last 60 years.\r\n\r\nLet’s clarify a few important concepts of Native and Non-native species before we dive deep. Native species are those which occur or may occur in each area as a result of natural ecological processes. Plant species which are not natural to any geographical area are called non-native or alien species (alien as they arrive from a foreign region).\r\n\r\nA Non-native plant species if starts spreading widely and causes adverse ecological and economic impacts, is called as invasive species. A non-native species may or may not become invasive to other ecosystems. One of the simple examples is Gulmohar tree ( Delonix regia). It has origin from Madagaskar, planted vigorously as ornamental tree in India but has not become invasive. But being a nonnative tree it has little ecological value and does not support biodiversity much.\r\n\r\nSome nonnative trees are from similar geographical and climatic regions adapt to local conditions and after a long period of time, known as naturalized. it is still a nonnative species. Best example of this is Tamarind or Imli.  It is a nonnative tree to India, has African origin, but a naturalized tree in Indian conditions and not invasive.\r\n\r\nInvasive species are threat to the native plant communities, they degrade soil and deplete local biodiversity. They create far reaching economical damage to the native ecosystems when they disturb and alter the ecosystems. Invaded ecosystems do not support the natural ecological cycles of ground water recharge, flood control, natural regeneration, nutrient recycling among others.\r\n\r\nThese non-native species have got a very attractive name somehow over time, which is also helping their spread. They are called as “exotic plants”. Exotic as per Oxford dictionary is “from or in another country” or “Alien” in other words.  But Exotic has another meaning which is “seeming exciting and unusual because it is connected with foreign countries like exotic locations. People have confused “Alien” with “Exciting” and a negative connotation “exotic” has become a positive one.  Let’s correct this.  If someone tells you it is an Exotic plant you must ask, “is it native”?\r\n\r\nLet’s understand how invasive species get entry in any ecosystem. Natural disturbances like forest fires, long term droughts, flooding, landslides provide opportunities for invasive species to become established in any area, but human disturbances have proved to be biggest cause for invasive species spread. Making roads or construction activity in natural areas invite invasive species to establish there. Introducing of non-native species as ornamental plants is creating havoc in the natural world.\r\n\r\nOnce inside any ecosystem, non-native species spread fast as they have few biological controls to keep them in check. As they are not natural to the given area, they are not in the food menu of the native wildlife either. Successful invader species are so well adapted that they outcompete native species easily.\r\n\r\nMultiple factors promoting the invasion of non-native plant species in Indian conditions are-\r\n\r\nDegraded soil\r\nAs body lacks nutrients. it slowly loses immunity and catch disease. Similarly, when soil is low in carbon, Nitrogen, Phosphate or micronutrients, soil becomes weak and non- native plants invade them easily. With lots of chemicals in soil pumped over the years in India, our soil is severely degraded.\r\n\r\nDisturbed areas\r\nAlteration in natural conditions of any area, creates disturbances and open opportunities for invasive species. For example, a natural forest is cut across and a road is constructed. Invasive species starts coming up on both side of this road initially and then start spreading inside forests.\r\n\r\nIntroduction of non-native plant species as ornamentals\r\nWhen a plant arrives in a new region due to direct or indirect human intervention, it is called introduced species. Most of the invasive species in India are “introduced species”.\r\n\r\nFew mentionable introduced invasive species and are being planted as ornamental trees, which are degrading Indian forests are-\r\n\r\nAustralian acacia (Acacia auriculiformis)\r\nGliricidia sepium\r\nLantana (lantana camara)\r\nCosmos (Cosmos sulphureus)\r\nCopperpod (Peltophorum pterocarpum )\r\nConocarpus species\r\nWater hyacinth (Pontederia crassipes)\r\nProsopis (Prosopis juliflora)\r\nEucalupts species\r\n \r\n\r\nChanging climate\r\nChanging climate is bringing changes like increased temperatures, uneven rainfall, increased floods etc which are responsible for change in natural conditions of many regions and thus opening opportunities for invasive species.\r\n\r\nHabitat destruction\r\nClearing or fragmenting forests, cutting hills, flattening undulating land, and altering natural conditions in other ways lead to loss of native vegetation, loss of biodiversity and is open invite for invasive species.\r\n\r\nAn invasive plant has the ability to thrive and spread aggressively outside its natural range. A naturally aggressive plant may be especially invasive when it is introduced into a new habitat. An invasive species that colonizes a new area often has an ecological advantage because the insects, diseases, and foraging animals that naturally keep its growth in check in its native range are not present in its new habitat.\r\n\r\nLet’s try to understand what the invasive plants do, when they gain entry in any habitat.  Few of the disturbances caused by non-native invasive plants includes-\r\n\r\nThey radically alters the light, temperature, and soil chemistry destroying the ecological balance between plants, animals, soil, and water achieved over many thousands of years\r\nInvasive species outcompete and displaces native plant species. They displace native plants by robbing moisture, nutrients, and sunlight, resulting in declines in habitat and food sources.\r\nLoss in native grasses and shrubs leads to insects and herbivore decline in and then decline in top predators of the ecosystem. Eventually the ecosystem gets devoid of any biodiversity.\r\nInvasive species are aggressive and competitive, and, in newly invaded areas, they lack sufficient predators from their native range, or local-occurring natural predators, to effectively control them.\r\nThese can interbreed with native plant species and dilute native gene pools and\r\nAlter cultural landscapes, and excessive growth can threaten the integrity of historic and cultural sites and structures.\r\nFew of these invasive species like conocorpus are known to cause health hazards. Adverse effects of the species’ pollen can lead to colds, coughs, asthma and allergies among individuals.\r\n\r\nREF: https://www.forrest-india.org/the-hidden-threat-invasive-species-in-india-you-need-to-know-about/",
    "publish": "2025-06-07T07:32:12Z",
    "created": "2025-06-07T07:32:27.560Z",
    "updated": "2025-07-03T18:09:13.082Z",
    "status": "PB"
  }
},
{
  "model": "blog.post",
  "pk": 4,
  "fields": {
    "title": "One more post",
    "slug": "one-more-post",
    "author": 1,
    "body": "The Intergovernmental Panel on Climate Change’s (IPCC) Sixth Assessment Report reminds us that forests play a crucial role in the global carbon cycle and mitigating climate change. To act on that report and manage and protect forests — from policies to on-the-ground action — governments, companies, Indigenous Peoples and civil society need information on where forests are gaining or losing carbon.\r\n\r\nTo support these groups and others, Global Forest Watch (GFW) released maps and associated statistics of forest greenhouse gas emissions, sequestration (forest carbon removals) and net greenhouse gas flux (the difference between them) in 2021 based on a geospatial framework designed to be improved over time as relevant new data and information are produced. Since the framework’s original publication, we have updated it and associated maps and statistics available on GFW as each new year of tree cover loss data is released.\r\n\r\nIn addition to the standard update of tree cover loss data, we have made other improvements to the framework’s inputs using recently available geospatial data. Read on for a summary of all the changes since 2021 — including the latest updates since our journal article (which only captures changes through 2024) — and what’s next for GFW’s global forest carbon monitoring.",
    "publish": "2025-06-07T08:19:15Z",
    "created": "2025-06-07T08:19:15.619Z",
    "updated": "2025-07-03T18:10:50.673Z",
    "status": "PB"
  }
},
{
  "model": "blog.post",
  "pk": 5,
  "fields": {
    "title": "Tree-Less Planet",
    "slug": "tree-less-planet",
    "author": 2,
    "body": "The Catastrophic Effects of a Tree-Less Planet\r\n\r\nIntroduction\r\n\r\nTrees are indispensable to Earth's health, providing numerous benefits that sustain life. As deforestation continues unchecked, the absence of trees poses severe threats to our environment. This blog explores the catastrophic consequences of a world without trees and underscores the urgency of forest conservation.\r\n\r\n1. Escalating Global Warming\r\nTrees act as carbon sinks, absorbing carbon dioxide and mitigating the greenhouse effect. Without trees, the concentration of carbon dioxide in the atmosphere rises, intensifying global warming. This leads to extreme weather events, rising sea levels, and significant disruptions to ecosystems and human societies.\r\n\r\n2. Habitat Destruction and Species Extinction\r\nForests are rich habitats that support diverse wildlife. The removal of trees destroys these habitats, leading to the extinction of many plant and animal species. This loss of biodiversity weakens ecosystem resilience, reducing nature's ability to adapt to environmental changes and impacting food chains and human livelihoods.\r\n\r\n3. Increased Soil Erosion\r\nTrees prevent soil erosion by anchoring the soil with their roots. Without trees, soil becomes vulnerable to erosion by wind and water. This depletes fertile topsoil, decreases agricultural productivity, and contributes to desertification, turning once fertile lands into barren deserts.\r\n\r\n4. Disruption of the Hydrological Cycle\r\nTrees play a vital role in the hydrological cycle by absorbing and releasing water. Their absence disrupts this cycle, leading to altered rainfall patterns, increased droughts, and flooding. This impacts water availability for drinking, agriculture, and industry, exacerbating water scarcity and threatening food security.\r\n\r\n5. Declining Air Quality\r\nTrees act as natural air purifiers, filtering pollutants and producing oxygen. Without trees, air quality deteriorates, leading to higher levels of pollutants such as carbon monoxide, sulfur dioxide, and particulate matter. Poor air quality causes respiratory and cardiovascular diseases, affecting human health and well-being.\r\n\r\n6. Economic Consequences\r\nForests provide valuable resources such as timber, non-timber products, and ecosystem services. The absence of trees results in the loss of these resources, impacting industries and economies that depend on them. Additionally, the costs associated with environmental degradation and disaster management strain national and global economies.\r\n\r\nConclusion\r\nThe absence of trees brings about profound and far-reaching consequences, threatening the environment, biodiversity, and human societies. It is crucial to recognize the importance of trees and take immediate action to conserve and restore our forests. By promoting sustainable practices, supporting reforestation efforts, and raising awareness, we can protect our planet and ensure a sustainable future for all. Let’s join hands in preserving our trees and safeguarding the Earth for generations to come.\r\n\r\nhttps://www.forestfriend.org/blog/the-catastrophic-effects-of-a-tree-less-planet",
    "publish": "2025-06-07T11:51:37Z",
    "created": "2025-06-07T11:51:37.740Z",
    "updated": "2025-07-03T18:09:26.279Z",
    "status": "PB"
  }
},
{
  "model": "blog.post",
  "pk": 6,
  "fields": {
    "title": "Markdown post",
    "slug": "markdown-post",
    "author": 1,
    "body": "This is a post formatted with markdown\r\n\r\n--------------------------------------\r\n\r\n*This is emphasized* and **this is more emphasized**.\r\n\r\nHere is a list:\r\n\r\n* One\r\n\r\n* Two\r\n\r\n* Three\r\n\r\nAnd a [link to the Django website](https://www.djangoproject.com/).",
    "publish": "2025-07-09T15:34:12Z",
    "created": "2025-07-09T15:35:13.077Z",
    "updated": "2025-07-09T15:35:13.077Z",
    "status": "PB"
  }
},
{
  "model": "blog.comment",
  "pk": 1,
  "fields": {
    "post": 2,
    "name": "Sparky",
    "email": "nkumar.works@gmail.com",
    "body": "This is very bad.",
    "created": "2025-07-01T17:14:57.136Z",
    "updated": "2025-07-01T17:14:57.136Z",
    "active": true
  }
},
{
  "model": "blog.comment",
  "pk": 2,
  "fields": {
    "post": 2,
    "name": "Mrinal",
    "email": "mrinal@gmail.comm",
    "body": "11 death for a game.",
    "created": "2025-07-01T18:11:27.142Z",
    "updated": "2025-07-01T18:11:27.142Z",
    "active": true
  }
},
{
  "model": "blog.comment",
  "pk": 3,
  "fields": {
    "post": 5,
    "name": "Nitesh",
    "email": "nitesh@gmail.com",
    "body": "Add more details in the post.",
    "created": "2025-07-01T18:12:35.700Z",
    "updated": "2025-07-01T18:12:35.700Z",
    "active": true
  }
},
{
  "model": "blog.comment",
  "pk": 4,
  "fields": {
    "post": 3,
    "name": "Nitesh",
    "email": "nitesh.kumar@gmail.com",
    "body": "hello, what is new in this post?",
    "created": "2025-07-02T15:41:04.668Z",
    "updated": "2025-07-02T15:41:04.668Z",
    "active": true
  }
}
]
